L.A.'s Finest;60.0;Action, Comedy, Crime;6;4864;2019;2020
Breaking Bad: Original Minisodes;45.0;Short, Comedy, Crime;7;1207;2009;2011
Dongbaekkkot Pil Muryeop;27.0;Comedy, Drama, Romance;8;1687;2019;2023
Mother Goose Club;30.0;Family;7;152;2009;2023
Deception;60.0;Crime, Drama, Mystery;7;8305;2018;2023
The Almighty Johnsons;0.0;Comedy, Drama, Fantasy;8;4334;2011;2013
H2O: Just Add Water;23.0;Drama, Family, Fantasy;7;13112;2006;2010
La reina del flow;27.0;Drama, Music;7;665;2018;2021
Grown-ish;23.0;Comedy, Drama;6;4377;2018;2023
Aurora Teagarden Mysteries;30.0;Crime, Mystery;7;416;2015;2023
Enterprise;60.0;Action, Adventure, Drama;7;47582;2001;2005
True Jackson, VP;30.0;Comedy, Drama, Family;5;2892;2008;2011
Luck;0.0;Drama, Sport;7;5513;2011;2012
The Only Way Is Essex;27.0;Reality-TV;3;2114;2010;2023
Dolly Parton's Heartstrings;30.0;Comedy, Drama, Music;7;1869;2019;2023
30 for 30;60.0;Documentary, Biography, History;8;4478;2009;2023
Cooper Barrett's Guide to Surviving Life;45.0;Comedy;6;1485;2016;2023
Ellen: The Ellen DeGeneres Show;60.0;Comedy, Talk-Show;6;15871;2003;2021
The Crown;58.0;Biography, Drama, History;8;166196;2016;2023
The Rookie;43.0;Comedy, Crime, Drama;8;23655;2018;2023
The Venture Bros.;42.0;Animation, Action, Adventure;8;23848;2003;2018
Forever;43.0;Comedy, Drama, Fantasy;7;5671;2018;2023
Love Island;43.0;Reality-TV;5;527;2019;2023
Yemin;30.0;Drama;6;761;2019;2023
The Gifted;43.0;Drama, Fantasy, Mystery;8;321;2018;2023
The Dead Files;0.0;Horror, Reality-TV, Sci-Fi;6;2162;2011;2023
Doc McStuffins;75.0;Animation, Family, Fantasy;6;1979;2012;2020
Easy;30.0;Comedy;6;12584;2016;2023
Slings and Arrows;0.0;Comedy;8;2483;2003;2006
Johnny Test;60.0;Animation, Action, Adventure;5;7128;2005;2014
Teenage Mutant Ninja Turtles;60.0;Animation, Action, Adventure;7;8879;2003;2010
Transformers Prime;20.0;Animation, Action, Adventure;7;5729;2010;2013
Faking It;60.0;Comedy, Drama, Romance;7;14044;2014;2016
Shots Fired;24.0;Crime, Drama;6;2040;2017;2023
Criminal Minds;44.0;Crime, Drama, Mystery;8;167842;2005;2020
A to Z;44.0;Comedy, Romance;6;5662;2014;2015
The Team;25.0;Crime, Drama;7;2551;2015;2018
Blue Water High;22.0;Drama, Family;7;1314;2005;2008
Seulgirowun Gamppangsaenghwal;42.0;Comedy, Drama;8;1996;2017;2018
Sex Games Vegas;60.0;Drama, Romance;6;135;2005;2006
Mighty Med;30.0;Comedy, Family, Sci-Fi;6;1655;2013;2015
Cheese in the Trap;60.0;Comedy, Romance;7;3252;2016;2023
All That;0.0;Short, Comedy, Family;5;198;2019;2023
Temptation Island;42.0;Reality-TV;6;675;2019;2023
On Becoming a God in Central Florida;46.0;Comedy;7;3856;2019;2023
Kakegurui;60.0;Animation, Drama, Mystery;7;5820;2017;2023
Günesin Kizlari;0.0;Comedy, Drama, Romance;5;1961;2015;2016
The Terror;60.0;Adventure, Drama, History;8;39964;2018;2019
Game of Thrones;44.0;Action, Adventure, Drama;9;1823966;2011;2019
Legacies;45.0;Adventure, Drama, Fantasy;7;21513;2018;2023
Big City Greens;125.0;Animation, Adventure, Comedy;7;1246;2018;2023
Das Boot;42.0;Drama, War;7;6589;2018;2023
Virgin River;44.0;Drama, Romance;7;22957;2019;2023
The Great Food Truck Race;60.0;Game-Show, Reality-TV;6;589;2010;2023
Tyrant;50.0;Action, Drama, Thriller;7;22192;2014;2016
Huge;60.0;Comedy, Drama, Family;7;1076;2010;2023
El marginal;44.0;Crime, Drama, Mystery;8;2960;2016;2023
Sanditon;60.0;Drama, Romance;7;8904;2019;2023
Some Assembly Required;30.0;Comedy, Family;3;755;2014;2023
Pete the Cat;24.0;Animation, Comedy, Family;7;218;2017;2023
The Tonight Show Starring Jimmy Fallon;40.0;Comedy, Music, Talk-Show;7;16645;2014;2023
Tokyo Ghoul: re;44.0;Animation, Action, Drama;6;7337;2018;2023
Flashforward;29.0;Drama, Mystery, Sci-Fi;7;59430;2009;2010
Continuum;28.0;Action, Sci-Fi, Thriller;7;58387;2012;2015
Ragini MMS Returns;25.0;Horror;4;858;2017;2023
The First;23.0;Drama, Sci-Fi;6;7242;2018;2023
Escape to the Chateau;43.0;Documentary;8;1012;2016;2021
Gotham;42.0;Action, Crime, Drama;7;214918;2014;2019
The Circle;60.0;Game-Show, Reality-TV;7;5027;2020;2023
Dance Moms;0.0;Reality-TV;4;5835;2011;2023
Mickey and the Roadster Racers;60.0;Animation, Short, Adventure;6;455;2017;2021
Shake It Up;42.0;Comedy, Family;4;11792;2010;2013
Frikjent;120.0;Crime, Drama;7;3539;2015;2023
The Man in the High Castle;60.0;Drama, Sci-Fi, Thriller;8;90559;2015;2019
The Epic Tales of Captain Underpants;45.0;Animation, Short, Action;6;682;2018;2020
Daredevil;54.0;Action, Crime, Drama;8;371065;2015;2018
Driven;60.0;Romance;7;896;2018;2023
Hawaii Five-0;42.0;Action, Crime, Drama;7;68008;2010;2020
Intelligence;50.0;Action, Drama, Sci-Fi;6;18972;2014;2023
Mia and Me;30.0;Animation, Adventure, Family;6;539;2011;2023
Stargate: Atlantis;44.0;Action, Adventure, Drama;8;62081;2004;2009
Las Vegas;60.0;Crime, Drama;7;26278;2003;2008
Hemlock Grove;45.0;Drama, Horror, Mystery;7;37507;2013;2015
wtFOCK;0.0;Drama, Romance;8;553;2018;2021
Love Child;29.0;Drama;7;1104;2014;2017
The Tunnel;60.0;Crime, Drama, Mystery;7;7970;2013;2018
Power Rangers DinoThunder;130.0;Action, Adventure, Sci-Fi;6;2759;2004;2023
See Dad Run;60.0;Comedy, Drama, Family;5;1048;2012;2019
1000-lb Sisters;43.0;Reality-TV;5;412;2020;2023
Katorse;60.0;Drama;8;22;2009;2023
The No. 1 Ladies' Detective Agency;60.0;Comedy, Crime, Drama;8;3223;2008;2009
Kingdom;43.0;Drama;8;16325;2014;2017
Dan Vs.;7.0;Animation, Action, Comedy;7;1032;2011;2013
Ultimate Spider-Man;25.0;Animation, Action, Adventure;7;10696;2012;2017
MTV Floribama Shore;25.0;Reality-TV;5;668;2017;2023
Kurt Seyit ve Sura;44.0;Drama, History, Romance;7;3163;2014;2023
Play It Again, Dick;15.0;Comedy;7;848;2014;2023
Habaekui Shinboo;60.0;Fantasy;6;1812;2017;2023
Safe;60.0;Crime, Drama, Mystery;7;34265;2018;2023
The Widow;42.0;Action, Drama, Mystery;6;8706;2019;2023
Shakespeare & Hathaway: Private Investigators;60.0;Comedy, Drama, Mystery;7;2583;2018;2023
So Random!;12.0;Comedy, Family, Musical;4;2198;2011;2012
Inside No. 9;30.0;Comedy, Drama, Horror;8;13578;2014;2023
Dragons: Race to the Edge;45.0;Animation, Action, Adventure;8;5061;2013;2018
Hatufim;22.0;Drama, Mystery, Thriller;8;2184;2009;2012
Lost Girl;60.0;Action, Drama, Fantasy;7;29165;2010;2016
Euphoria;55.0;Drama;8;71996;2019;2023
The Guest Book;43.0;Comedy;7;2596;2017;2018
The Enemy Within;60.0;Drama;7;5942;2019;2023
The Last Drive-In with Joe Bob Briggs;43.0;Comedy, Fantasy, Horror;9;993;2018;2023
Brassic;30.0;Comedy, Drama;8;5095;2019;2023
Siesta Key;21.0;Reality-TV;4;564;2017;2023
Girl From Nowhere;45.0;Crime, Drama, Fantasy;7;2267;2018;2023
Cesur Ve Güzel;120.0;Crime, Drama, Romance;7;4382;2016;2017
Sea Patrol;30.0;Action, Crime, Drama;7;1837;2007;2011
Dragon Ball Kai: Doragon bôru kai;44.0;Animation, Action, Adventure;8;20354;2009;2015
Wonderfalls;60.0;Comedy, Drama, Fantasy;8;12164;2004;2023
Blue Mountain State;42.0;Comedy, Sport;8;49472;2010;2011
19-2;46.0;Crime, Drama;8;2304;2014;2017
The Gates;44.0;Crime, Drama, Fantasy;7;7884;2010;2023
The Fall;60.0;Crime, Drama, Thriller;8;87921;2013;2016
If Loving You Is Wrong;0.0;Drama, Romance;5;1202;2014;2020
Satisfaction;30.0;Drama;7;1253;2007;2023
Alaskan Bush People;25.0;Reality-TV;6;2223;2014;2023
The Mentalist;43.0;Crime, Drama, Mystery;8;168774;2008;2015
Fire Force;50.0;Animation, Action, Drama;7;4242;2019;2023
Monarca;46.0;Drama;7;2703;2019;2021
Beaver Falls;33.0;Comedy, Drama;7;1963;2011;2012
Bard of Blood;22.0;Action, Adventure, Drama;6;9240;2019;2023
Worst Cooks in America;42.0;Comedy, Game-Show, Reality-TV;6;1210;2010;2023
Kirgin Çiçekler;23.0;Crime, Drama, Romance;5;788;2015;2018
Mars;60.0;Adventure, Drama, Sci-Fi;7;14073;2016;2018
The Adventures of Jimmy Neutron, Boy Genius;43.0;Animation, Adventure, Comedy;6;18591;2002;2006
Karen Sisco;43.0;Crime, Drama;7;778;2003;2007
The InBESTigators;30.0;Comedy, Crime, Family;8;526;2019;2023
Silk;0.0;Drama;8;4453;2011;2014
Z Nation;44.0;Action, Comedy, Drama;6;33542;2014;2018
Video Game High School;0.0;Action, Romance, Sci-Fi;7;12816;2012;2014
Dogs of Berlin;30.0;Action, Crime, Drama;7;11103;2018;2023
College Romance;0.0;Comedy, Drama, Romance;8;24230;2018;2023
Sweetbitter;24.0;Drama;7;3609;2018;2019
K.C. Undercover;30.0;Action, Comedy, Drama;6;3753;2015;2018
Good Trouble;45.0;Comedy, Drama, Romance;7;4737;2019;2023
Harrow;60.0;Crime, Drama, Mystery;7;5941;2018;2023
Him-ssen yeo-ja Do Bong-soon;60.0;Comedy, Crime, Drama;8;8049;2017;2023
A Drop of True Blood;45.0;Short, Drama, Fantasy;8;572;2010;2023
Last Chance U;55.0;Documentary, Sport;8;6338;2016;2020
My Girlfriend Is an Alien;25.0;Comedy, Fantasy, Romance;8;817;2019;2023
Whiskey Cavalier;0.0;Action, Adventure, Comedy;7;8531;2019;2023
Blood Drive;43.0;Action, Adventure, Comedy;7;5730;2017;2023
Star-Crossed;22.0;Drama, Romance, Sci-Fi;7;17040;2014;2023
The Muppets.;22.0;Comedy, Family;7;6145;2015;2016
Wolverine and the X-Men;28.0;Animation, Action, Adventure;8;10210;2008;2009
Mahô Tsukai no Yome;60.0;Animation, Drama, Fantasy;7;2223;2017;2023
Enlightened;30.0;Comedy, Drama;7;7480;2011;2013
Are You Afraid of the Dark?;25.0;Adventure, Drama, Family;7;1602;2019;2021
Distrito Salvaje;60.0;Action, Crime, Drama;8;1690;2018;2023
The Dumping Ground;0.0;Family;6;504;2013;2023
Hey Ash, Whatcha Playin'?;24.0;Comedy;8;270;2008;2023
Mommy XXX;30.0;Reality-TV;6;65;2009;2023
Absentia;60.0;Crime, Drama, Mystery;7;13291;2017;2020
Greek;45.0;Comedy, Drama, Family;7;23646;2007;2011
I Am...;21.0;Drama;7;256;2019;2023
Childrens Hospital;60.0;Comedy;7;7163;2008;2016
Chicago Med;43.0;Drama;7;16783;2015;2023
Summer House;0.0;Reality-TV;5;247;2017;2023
L'art du crime;50.0;Crime, Drama, Mystery;7;356;2017;2023
Liv and Maddie;30.0;Comedy, Drama, Family;6;7089;2013;2017
Count Arthur Strong;30.0;Comedy;7;774;2013;2017
Ugly Americans;58.0;Animation, Comedy, Fantasy;8;9536;2010;2012
The Street;50.0;Drama;8;1084;2006;2009
De Twaalf;50.0;Drama, Thriller;7;4237;2019;2020
The Blacklist;41.0;Crime, Drama, Mystery;8;207764;2013;2023
Republic of Doyle;24.0;Comedy, Crime, Drama;7;3482;2010;2014
The Real;44.0;Music, Talk-Show;4;1246;2013;2023
McMafia;47.0;Crime, Drama, Thriller;7;14007;2018;2023
When Hope Calls;52.0;Drama, Family, Romance;8;542;2019;2023
The InBetween;24.0;Crime, Drama, Fantasy;7;3662;2019;2023
Power Rangers R.P.M.;60.0;Action, Adventure, Comedy;6;1536;2009;2023
Black Monday;582.0;Comedy;7;4641;2019;2023
Still Standing;22.0;Comedy, Romance;7;7581;2002;2006
Ghosted;22.0;Comedy, Crime, Horror;6;5785;2017;2023
Bizim Hikaye;23.0;Comedy, Drama, Romance;6;2307;2017;2019
Australian Survivor;120.0;Adventure, Game-Show, Reality-TV;8;573;2016;2023
Chasing Life;22.0;Drama, Family, Romance;7;5643;2014;2015
Unforgotten;45.0;Crime, Drama, Mystery;8;16153;2015;2023
Briarpatch;25.0;Crime, Drama, Mystery;6;2072;2019;2020
Lockie Leonard;60.0;Adventure, Comedy, Drama;7;369;2007;2010
Dark Blue;24.0;Action, Crime, Drama;7;3869;2009;2010
Wolfblood;0.0;Family, Fantasy;7;3273;2012;2017
Star Trek: Renegades;25.0;Action, Adventure, Sci-Fi;4;3437;2015;2017
Power Rangers Samurai;45.0;Action, Adventure, Comedy;5;1949;2011;2012
Parks and Recreation;22.0;Comedy;8;223130;2009;2020
Diablo Guardián;22.0;Action, Drama;6;574;2018;2019
Ssam, Maiwei;21.0;Comedy, Romance;8;4059;2017;2023
NCIS: Los Angeles;43.0;Action, Crime, Drama;6;49501;2009;2023
Badehotellet;58.0;Comedy, Drama;7;1909;2013;2023
God Friended Me;60.0;Comedy, Drama, Fantasy;6;6607;2018;2020
Diners, Drive-ins and Dives;43.0;Reality-TV;7;3368;2006;2023
Death Note: Desu nôto;24.0;Animation, Crime, Drama;9;256108;2006;2007
Gold Rush: Alaska;25.0;Reality-TV;7;4343;2010;2023
Hunderby;60.0;Comedy;7;958;2012;2015
Luther;60.0;Crime, Drama, Mystery;8;124375;2010;2019
Holey Moley;0.0;Game-Show, Reality-TV;6;783;2019;2023
Unbreakable Kimmy Schmidt;30.0;Comedy;7;64966;2015;2019
Zenra kantoku;60.0;Biography, Drama;7;4470;2019;2023
Tell Me You Love Me;90.0;Drama, Romance;7;3536;2007;2023
The Unsettling;42.0;Crime, Fantasy, Horror;5;566;2019;2023
Mob City;30.0;Crime, Drama, Mystery;7;7098;2013;2023
Kaguya-sama wa kokurasetai ~ Tensai tachi no ren'ai zunô sen ~;24.0;Animation, Comedy, Romance;8;6001;2019;2023
Fairy Tail: Fearî teiru;45.0;Animation, Action, Adventure;8;21541;2009;2019
The River;60.0;Action, Adventure, Drama;6;16237;2012;2023
Eli Stone;47.0;Comedy, Drama, Fantasy;7;9428;2008;2009
Six;53.0;Action, Drama, History;7;11433;2017;2018
The Passage;0.0;Action, Adventure, Drama;7;10828;2019;2023
American Crime;60.0;Crime, Drama;7;9346;2015;2017
The UnXplained;60.0;Documentary;7;661;2019;2023
Wentworth;45.0;Crime, Drama;8;17832;2013;2021
Lie to Me;43.0;Crime, Drama, Mystery;8;112830;2009;2011
Saving Grace;30.0;Drama, Fantasy;7;4651;2007;2010
Dead to Me;30.0;Comedy, Drama;8;60044;2019;2023
The Green Green Grass;30.0;Comedy;6;962;2005;2009
Being Human;60.0;Comedy, Drama, Fantasy;7;24208;2008;2013
Krypto the Superdog;50.0;Animation, Action, Comedy;5;966;2005;2006
Gae-in-eui chwi-hyang;42.0;Comedy, Drama, Romance;7;3620;2010;2023
All American;45.0;Drama, Sport;7;6860;2018;2023
Merry Happy Whatever;50.0;Comedy;6;3924;2019;2023
El juego de las llaves;50.0;Drama, Romance;6;1190;2019;2023
Greyzone;55.0;Drama, Thriller;7;2106;2018;2023
Wrecked;60.0;Action, Adventure, Comedy;7;6556;2016;2018
Vratice se rode;60.0;Comedy, Crime, Drama;8;6762;2007;2008
Skins;30.0;Comedy, Drama;3;5477;2011;2023
The Village;30.0;Drama;7;1947;2019;2023
Blood Ties;13.0;Drama, Fantasy, Horror;7;6380;2007;2023
Timewasters;22.0;Comedy;6;344;2017;2019
Hoarders;629.0;Documentary;6;2641;2009;2023
Gidseltagningen;45.0;Drama, Thriller;7;1689;2017;2023
Avatar: The Last Airbender;23.0;Animation, Action, Adventure;9;260893;2005;2008
The Real Housewives of Orange County;45.0;Reality-TV;4;3370;2006;2021
This Is Us;45.0;Comedy, Drama, Romance;8;114515;2016;2022
Dragons: Riders of Berk;853.0;Animation, Action, Adventure;8;9841;2012;2014
Under the Dome;43.0;Drama, Mystery, Sci-Fi;6;102152;2013;2015
Patriot;58.0;Comedy, Drama, Thriller;8;12317;2015;2018
About a Boy;60.0;Comedy, Drama, Romance;7;8175;2014;2015
Caprica;21.0;Action, Drama, Sci-Fi;7;24116;2009;2010
Vår tid är nu;45.0;Drama;8;4075;2017;2023
Ackley Bridge;60.0;Drama, Romance;7;1381;2017;2023
The Real Housewives of New Jersey;138.0;Reality-TV;4;3213;2009;2023
The Orville;44.0;Adventure, Comedy, Drama;8;60812;2017;2023
Island of Bryan;42.0;Adventure, Family, Reality-TV;6;207;2019;2023
You Are Wanted;45.0;Drama, Thriller;6;3076;2017;2018
Princess Rap Battle;22.0;Short, Comedy, Musical;8;474;2014;2023
Champions;30.0;Comedy;6;3287;2018;2023
Ray Donovan;60.0;Crime, Drama;8;78845;2013;2020
The Knick;30.0;Drama, History;8;44768;2014;2015
Made in Abyss;325.0;Animation, Adventure, Drama;8;7086;2017;2023
Hispania, la leyenda;42.0;History;6;519;2010;2012
Maison close;60.0;Drama;6;473;2010;2013
Klem;45.0;Drama;7;1045;2017;2020
Proven Innocent;0.0;Crime, Drama, Mystery;6;2615;2019;2023
Rodney;30.0;Comedy;6;599;2004;2008
Raising Hope;22.0;Comedy, Family;8;35468;2010;2014
Steven Universe Future;30.0;Animation, Action, Adventure;7;556;2019;2020
Red Oaks;23.0;Comedy, Drama, Sport;7;10213;2014;2017
The Mandalorian;40.0;Action, Adventure, Sci-Fi;8;325891;2019;2023
Being Human;24.0;Drama, Fantasy, Horror;7;24490;2011;2014
R.L. Stine's The Haunting Hour;23.0;Action, Adventure, Drama;7;2219;2010;2014
Insecure;30.0;Comedy, Romance;7;13509;2016;2023
Zalim Istanbul;60.0;Drama;5;657;2019;2020
Ned's Declassified School Survival Guide;30.0;Comedy, Family;7;16328;2004;2007
The Amazing Race;5.0;Adventure, Family, Game-Show;7;13560;2001;2023
Other Space;23.0;Adventure, Comedy, Sci-Fi;7;2302;2015;2023
Murder in the First;30.0;Crime, Drama, Mystery;7;6767;2014;2016
The Good Cop;43.0;Comedy, Crime, Drama;7;5070;2018;2023
Yôkoso jitsuryoku shijô shugi no kyôshitsu e;5.0;Animation, Comedy, Romance;7;2576;2017;2023
Welcome to Demon-School, Iruma-kun;60.0;Animation, Comedy, Drama;7;767;2019;2023
Bee and PuppyCat;50.0;Animation, Short, Action;8;1497;2013;2023
Outcast;60.0;Drama, Horror;7;18030;2016;2017
La caza. Monteperdido;0.0;Crime, Drama, Mystery;7;551;2019;2021
SMILF;30.0;Comedy, Drama;6;4746;2017;2019
Life on Mars;47.0;Crime, Drama, Mystery;7;9882;2008;2009
Made in Chelsea;30.0;Documentary, Reality-TV;4;2112;2011;2023
Dirk Gently's Holistic Detective Agency;60.0;Action, Adventure, Comedy;8;44744;2016;2017
Teachers;40.0;Comedy;6;3140;2016;2019
Mahabharat;0.0;Drama, War;8;6916;2013;2014
The Big Bang Theory;22.0;Comedy, Romance;8;737437;2007;2019
Evermoor;30.0;Adventure, Family, Fantasy;6;557;2014;2023
Okkupert;60.0;Drama, Thriller;7;8191;2015;2023
Truth Be Told;42.0;Crime, Drama, Mystery;7;6735;2019;2023
I Think You Should Leave with Tim Robinson;16.0;Comedy;7;6271;2019;2023
Girlfriends' Guide to Divorce;52.0;Comedy, Drama;6;3985;2014;2018
The Grand Tour;60.0;Comedy, Talk-Show;8;65449;2016;2023
O Maidens in Your Savage Season;60.0;Animation, Comedy, Drama;7;488;2019;2023
The Repair Shop;30.0;Documentary, Reality-TV;8;1046;2017;2023
The Erotic Traveler;42.0;Adventure, Drama, Fantasy;5;274;2007;2023
Dwight in Shining Armor;29.0;Adventure, Comedy, Fantasy;7;228;2019;2023
Shut Eye;70.0;Crime, Drama, Fantasy;7;3417;2016;2017
Baekilui Nanggoonnim;22.0;Comedy, History, Romance;7;1239;2018;2023
Well-Intended Love;15.0;Drama, Romance;7;1144;2019;2020
Nae Aidineun Gangnammiin;0.0;Comedy, Romance;7;2516;2018;2023
Doubt;0.0;Drama;5;1890;2017;2023
Pure;45.0;Comedy, Drama;7;2170;2019;2023
De Dag;28.0;Action, Crime, Drama;8;3329;2018;2023
Significant Mother;60.0;Comedy;6;1555;2015;2023
Jimmy Kimmel Live!;88.0;Comedy, Music, Talk-Show;6;14739;2003;2023
Our Girl;60.0;Action, Drama, Thriller;7;3653;2013;2020
Queens of Mystery;7.0;Crime, Drama, Mystery;7;1057;2019;2023
Jamie Johnson;24.0;Family, Sport;6;118;2016;2023
Single Ladies;20.0;Comedy, Drama, Romance;6;1941;2011;2023
Hailey Dean Mystery;60.0;Crime, Drama, Mystery;7;159;2016;2023
Creepshow;44.0;Fantasy, Horror, Mystery;7;4929;2019;2023
Bomb Girls;25.0;Drama, War;7;4049;2012;2014
The Talk;24.0;Talk-Show;3;1802;2010;2023
No Activity;60.0;Animation, Comedy;6;1174;2017;2023
Dream Corp LLC;3.0;Comedy;7;770;2016;2023
Hitori No Shita - The Outcast;24.0;Animation, Fantasy;7;86;2015;2020
Las chicas del cable;49.0;Drama;7;12669;2017;2020
Summerland;60.0;Drama;6;3667;2004;2005
Power Rangers Beast Morphers;23.0;Action, Adventure, Drama;6;440;2019;2020
Mindhunter;60.0;Crime, Drama, Thriller;8;230420;2017;2019
LazyTown;40.0;Adventure, Comedy, Family;5;6154;2002;2014
TRON: Uprising;21.0;Animation, Action, Adventure;8;7820;2012;2013
Breakout Kings;70.0;Crime, Drama, Thriller;7;14950;2011;2012
Bless the Harts;30.0;Animation, Comedy;5;1572;2019;2021
Merlí;28.0;Comedy, Drama, Romance;8;7434;2015;2018
Dirty John;43.0;Crime, Drama;7;16959;2018;2023
Judge John Deed;24.0;Crime, Drama, Mystery;7;1030;2001;2007
800 Words;30.0;Comedy, Drama, Family;7;1808;2015;2018
Top Coppers;0.0;Comedy;6;211;2015;2023
The Bay;45.0;Crime, Drama, Mystery;7;5067;2019;2023
American Gods;60.0;Drama, Fantasy, Mystery;7;79190;2017;2021
Weissensee;44.0;Drama, History;8;1866;2010;2018
Joan of Arcadia;60.0;Comedy, Crime, Drama;7;8830;2003;2005
Huff;45.0;Comedy, Drama;7;3328;2004;2006
Ibeon Saengeun Cheoeumira;23.0;Comedy, Drama, Romance;8;3010;2017;2023
Vivir sin permiso;42.0;Drama;7;3615;2018;2020
Fruits Basket;24.0;Animation, Comedy, Drama;8;2765;2019;2023
The Emperor's New School;30.0;Animation, Short, Adventure;6;4788;2006;2008
Den som dræber - Fanget af mørket;45.0;Crime, Thriller;7;2627;2019;2023
Underbelly;51.0;Action, Crime, Drama;8;4341;2008;2013
The Forsyte Saga;24.0;Drama, Romance;8;5395;2002;2003
Dino Dana;140.0;Short, Adventure, Comedy;7;396;2017;2023
Ben 10;22.0;Animation, Action, Adventure;7;14587;2005;2008
Royal Pains;24.0;Comedy, Drama;7;19610;2009;2016
Back;30.0;Comedy, Drama;7;2570;2017;2023
MacGyver;43.0;Action, Adventure, Drama;5;18333;2016;2021
Ben 10: Alien Force;45.0;Animation, Action, Adventure;7;7690;2008;2010
Battlestar Galactica;44.0;Action, Adventure, Drama;8;155262;2004;2009
The Millers;30.0;Comedy;6;5369;2013;2015
Making It;60.0;Comedy, Reality-TV;7;1109;2018;2023
Domestic na Kanojo;30.0;Animation, Drama, Romance;6;1826;2019;2023
Letterkenny;30.0;Comedy;8;15406;2016;2023
Signed, Sealed, Delivered;23.0;Comedy, Drama, Mystery;7;1974;2014;2023
Law & Order: Criminal Intent;60.0;Crime, Drama, Mystery;7;23353;2001;2011
Ben 10: Omniverse;22.0;Animation, Action, Adventure;6;3695;2012;2014
Rebecka Martinsson;0.0;Crime, Drama, Mystery;7;2294;2017;2023
The Righteous Gemstones;36.0;Comedy, Drama;8;13355;2019;2023
Primal;30.0;Animation, Action, Adventure;8;7686;2019;2023
Fringe;46.0;Drama, Mystery, Sci-Fi;8;224181;2008;2013
Rocco Schiavone;42.0;Crime, Thriller;7;1094;2016;2023
The Crazy Ones;120.0;Comedy;7;12110;2013;2014
The Middle;22.0;Comedy;7;45993;2009;2018
Deal or No Deal;0.0;Comedy, Family, Game-Show;5;3683;2005;2019
Summer Camp Island;60.0;Animation, Short, Adventure;7;962;2018;2023
Profilage;23.0;Crime, Thriller;7;1127;2009;2020
Rosewood;24.0;Crime, Drama, Mystery;6;7077;2015;2017
Footballers' Wives;60.0;Drama;6;1526;2002;2006
Awake;29.0;Drama, Fantasy, Mystery;7;20469;2012;2023
The Chosen;54.0;Drama, History;9;16611;2017;2023
Our Yorkshire Farm;30.0;Documentary;9;155;2018;2021
Man Seeking Woman;30.0;Comedy, Fantasy, Romance;7;9730;2015;2017
Phineas and Ferb;15.0;Animation, Action, Comedy;8;37120;2007;2015
A.N.T. Farm;50.0;Comedy, Drama, Family;5;6227;2011;2014
The Good Karma Hospital;40.0;Drama;7;1650;2017;2023
Rake;60.0;Comedy, Crime, Drama;6;3119;2014;2023
Abhay;44.0;Crime, Thriller;8;6572;2019;2023
The Voice;28.0;Game-Show, Music, Reality-TV;6;11700;2011;2023
Dirty Money;21.0;Documentary, Crime;8;8220;2018;2023
Riverdale;45.0;Crime, Drama, Mystery;6;125092;2017;2023
Naui Ajusshi;60.0;Drama, Family;9;3655;2018;2023
Pushing Daisies;43.0;Comedy, Drama, Fantasy;8;54232;2007;2009
Love Island;60.0;Reality-TV, Romance;5;2564;2015;2023
Bad Teacher;52.0;Comedy;5;2679;2014;2023
Ezel;30.0;Crime, Drama, Thriller;8;28716;2009;2011
The Murdoch Mysteries;43.0;Crime, Drama, Mystery;7;686;2004;2005
Sthlm Rekviem;8.0;Crime, Drama, Mystery;6;1255;2018;2023
Beecham House;0.0;Drama;6;1744;2019;2023
The Hills;5.0;Drama, Reality-TV;3;10975;2006;2010
Kuzey Güney;120.0;Drama;7;9312;2011;2013
The Celebrity Apprentice Australia;22.0;Reality-TV;4;83;2011;2021
Love, Death & Robots;15.0;Animation, Short, Comedy;8;116592;2019;2023
Monogatari Series: Second Season;60.0;Animation, Adventure, Comedy;8;1893;2013;2023
Episodes;30.0;Comedy;7;33577;2011;2017
Black Sails;56.0;Adventure, Drama;8;95683;2014;2017
IMDbrief;60.0;Short, News;6;833;2018;2023
Derry Girls;30.0;Comedy;8;23414;2018;2023
To the Lake;24.0;Drama, Sci-Fi, Thriller;7;10124;2019;2023
The Disappearance of Madeleine McCann;0.0;Documentary, Crime, Mystery;6;9085;2019;2023
Extreme Makeover: Home Edition;25.0;Comedy, Drama, Family;6;4505;2003;2020
Jean-Claude Van Johnson;27.0;Action, Comedy, Drama;7;8430;2016;2017
Teen Wolf;41.0;Action, Drama, Fantasy;7;131103;2011;2017
Touch;44.0;Drama, Mystery, Sci-Fi;7;41835;2012;2013
Isabel;60.0;Biography, History;8;1969;2011;2014
The Shannara Chronicles;42.0;Adventure, Fantasy, Sci-Fi;7;55509;2016;2017
Hilda;60.0;Animation, Adventure, Comedy;8;7731;2018;2020
Harry's Law;25.0;Comedy, Crime, Drama;7;5838;2011;2012
Flames;21.0;Comedy, Drama, Romance;9;24699;2018;2023
Medici;60.0;Biography, Drama, History;7;16353;2016;2019
Swamp People;30.0;Action, Reality-TV;6;2177;2010;2023
Nieuwe buren;15.0;Drama;7;907;2014;2023
The Outpost;44.0;Action, Adventure, Drama;6;5986;2018;2023
The Originals;45.0;Drama, Fantasy, Horror;8;121133;2013;2018
Who Is America?;23.0;Comedy;8;17622;2018;2023
Murder City;120.0;Crime, Drama, Mystery;7;443;2004;2006
The Level;45.0;Crime, Drama, Thriller;6;1508;2016;2017
Gate: Jieitai Kanochi nite, Kaku Tatakaeri;29.0;Animation, Action, Adventure;7;2817;2015;2023
Grantchester;45.0;Crime, Drama, Mystery;7;10313;2014;2023
Camp;42.0;Comedy, Drama, Romance;7;2402;2013;2023
Eung-dab-ha-ra 1988;60.0;Comedy, Drama, Family;9;4255;2015;2016
3%;30.0;Action, Drama, Sci-Fi;7;22650;2016;2020
La casa de papel;70.0;Action, Crime, Mystery;8;331408;2017;2021
Rush;22.0;Action, Drama;7;5923;2014;2023
Hernán;23.0;Biography, Drama, History;7;953;2019;2023
Selfie;47.0;Comedy, Romance;7;11840;2014;2023
Toraburu;120.0;Animation, Action, Comedy;6;960;2008;2010
What's New, Scooby-Doo?;30.0;Animation, Adventure, Comedy;7;8342;2002;2006
Austin & Ally;30.0;Comedy, Drama, Family;6;9844;2011;2016
El Chapo;90.0;Crime, Drama;7;15741;2017;2023
Between Two Ferns with Zach Galifianakis;24.0;Short, Comedy, Talk-Show;8;7600;2008;2023
Just Add Magic;60.0;Comedy, Drama, Family;8;2397;2015;2023
NCIS: Naval Criminal Investigative Service;60.0;Action, Crime, Drama;7;123556;2003;2023
Dirty Sexy Money;30.0;Drama;7;11518;2007;2009
666 Park Avenue;43.0;Drama, Fantasy, Horror;6;17397;2012;2013
Quarry;30.0;Crime, Drama, Thriller;8;11750;2016;2023
8 Out of 10 Cats;30.0;Comedy, Game-Show, News;7;5367;2005;2023
Batwoman;45.0;Action, Adventure, Crime;3;35252;2019;2023
History of Horror;22.0;Documentary, Horror;8;1618;2018;2021
Strike the Blood;60.0;Animation, Action, Comedy;7;1392;2013;2023
Stargate Origins;60.0;Short, Action, Adventure;3;5048;2018;2023
PG Porn;30.0;Short, Comedy;7;1290;2008;2009
Happy Endings;22.0;Comedy, Romance;7;34985;2011;2020
Tales of the City;30.0;Drama;7;6722;2019;2023
Alias J.J.;0.0;Drama;8;878;2017;2023
Nyukhach;42.0;Action, Crime, Drama;7;1633;2013;2023
Great News;22.0;Comedy;7;5763;2017;2018
Sturm der Liebe;15.0;Romance;3;562;2005;2023
Put Your Head on My Shoulder;30.0;Comedy, Romance;8;1211;2019;2023
Pair of Kings;30.0;Comedy, Family, Fantasy;5;3579;2010;2013
Roman Empire;59.0;Documentary, Biography, Drama;7;6337;2016;2023
You Me Her;60.0;Comedy, Drama, Romance;7;9574;2016;2020
Family Business;42.0;Comedy;7;2600;2019;2023
Insatiable;45.0;Comedy, Drama, Thriller;6;23639;2018;2019
Haven;29.0;Crime, Drama, Fantasy;7;35867;2010;2015
Mom;30.0;Comedy, Drama, Romance;7;29855;2013;2021
Halka;43.0;Action, Crime, Drama;8;3939;2019;2023
Ófærð;45.0;Crime, Drama, Mystery;8;16915;2015;2023
Philosopher's Grandson;13.0;Animation, Action, Comedy;6;1372;2019;2023
The Fix;23.0;Crime, Drama, Mystery;6;2704;2019;2023
Istanbullu Gelin;30.0;Comedy, Drama, Romance;6;1803;2017;2019
Guardians of the Galaxy;120.0;Animation, Action, Adventure;7;2757;2015;2019
Paramparça;40.0;Crime, Drama;5;1292;2014;2017
The Indian Doctor;45.0;Drama;7;890;2010;2013
Kizim;24.0;Drama;6;719;2018;2019
The Great Pottery Throw Down;60.0;Game-Show, Reality-TV;8;532;2015;2023
Sirens;11.0;Comedy, Family, Romance;7;5879;2014;2015
La rosa de Guadalupe;30.0;Drama;2;757;2008;2023
Gantz;60.0;Animation, Action, Comedy;7;7178;2004;2023
Yu-Gi-Oh! GX;30.0;Animation, Action, Adventure;6;4115;2004;2008
Nicky, Ricky, Dicky & Dawn;30.0;Comedy, Family;5;2065;2014;2018
Detective McLean;24.0;Crime, Drama, Family;6;531;2015;2023
The Sinner;45.0;Crime, Drama, Mystery;7;95316;2017;2023
Not Going Out;45.0;Comedy;7;6241;2006;2023
Unité 42;30.0;Crime, Drama, Thriller;7;1917;2017;2023
Merlin: Secrets & Magic;0.0;Documentary;8;670;2009;2023
Satisfaction;70.0;Drama;7;3864;2014;2015
Devious Maids;42.0;Comedy, Drama, Mystery;7;22301;2013;2016
Gay of Thrones;43.0;Comedy;5;411;2013;2019
Napoleon Dynamite;54.0;Animation, Comedy;6;2885;2012;2023
StartUp;60.0;Crime, Thriller;8;18165;2016;2018
Gooreumi Geurin Dalbit;50.0;Comedy, Drama, Romance;7;2249;2016;2023
Bron/Broen;60.0;Crime, Mystery, Thriller;8;60691;2011;2018
Black-ish;22.0;Comedy;7;20518;2014;2023
Pablo Escobar: El Patrón del Mal;60.0;Biography, Crime, Drama;8;4312;2012;2023
Mozart in the Jungle;60.0;Comedy, Drama, Music;8;23291;2014;2018
Içerde;24.0;Action, Crime, Drama;8;16195;2016;2017
How It's Made;43.0;Documentary;7;6623;2001;2023
Party Down;45.0;Comedy, Drama;8;28385;2009;2010
Ambitions;30.0;Drama;5;555;2019;2023
Copper;60.0;Action, Drama;7;10195;2012;2013
Gåsmamman;85.0;Crime, Thriller;7;2287;2015;2023
Nowhere Boys;45.0;Adventure, Drama, Horror;7;2110;2013;2018
Foster's Home for Imaginary Friends;42.0;Animation, Adventure, Comedy;7;19965;2004;2009
Good Girls Revolt;60.0;Drama;8;5345;2015;2016
The Loud House;24.0;Animation, Action, Adventure;7;3878;2015;2023
The Odd Couple;30.0;Comedy;6;8511;2015;2017
Iron Resurrection;30.0;Reality-TV;7;269;2016;2023
Poyraz Karayel;44.0;Action, Drama;8;8525;2015;2017
Whitney;2.0;Comedy;5;12489;2011;2013
Vienna Blood;30.0;Crime, Drama, Mystery;7;3018;2019;2023
Black Box;72.0;Drama;6;3619;2014;2023
A Gifted Man;45.0;Drama, Fantasy;7;7318;2011;2012
Happy Valley;58.0;Crime, Drama;8;34776;2014;2023
House of Anubis;25.0;Adventure, Drama, Family;7;4445;2011;2013
A mi kis falunk;60.0;Comedy;8;1482;2017;2023
Atlantis;45.0;Adventure, Drama, Fantasy;6;10906;2013;2015
The Gifted;43.0;Action, Drama, Fantasy;7;31996;2017;2019
Satsuriku no Tenshi;40.0;Animation, Adventure, Horror;6;1301;2018;2023
The Late Late Show with James Corden;60.0;Comedy, Talk-Show;6;6511;2015;2023
Bella and the Bulldogs;0.0;Comedy, Family, Sport;5;1484;2015;2016
Missions;26.0;Drama, Sci-Fi;6;1247;2017;2023
The Missing;60.0;Crime, Drama, Mystery;8;22853;2014;2016
Luchshe, chem lyudi;44.0;Drama, Sci-Fi;7;7271;2018;2019
Nande Koko ni Sensei ga!?;60.0;Animation, Comedy, Romance;6;809;2019;2023
Brothers & Sisters;60.0;Drama;7;21954;2006;2011
Eureka;60.0;Adventure, Comedy, Drama;7;49024;2006;2012
Falling Skies;30.0;Action, Adventure, Drama;7;86071;2011;2015
So Little Time;22.0;Comedy, Family;6;1939;2001;2002
The Killing;45.0;Crime, Drama, Mystery;8;101067;2011;2014
Blackout;26.0;Drama;8;35;2019;2023
Dystopia;0.0;Sci-Fi;4;412;2019;2023
Capitaine Marleau;26.0;Comedy, Crime, Drama;6;364;2014;2023
Dark/Web;0.0;Horror, Mystery, Thriller;5;656;2019;2023
Max & Ruby;60.0;Animation, Family;6;1976;2002;2021
Atlanta;30.0;Comedy, Drama, Music;8;55176;2016;2023
Bu Sehir Arkandan Gelecek;43.0;Drama;6;703;2017;2023
El dragón;26.0;Action, Adventure, Drama;7;1570;2019;2020
Fancy Nancy;0.0;Animation, Short, Adventure;5;285;2018;2023
Numberblocks;9.0;Animation;8;120;2017;2023
The Shivering Truth;60.0;Animation, Comedy, Fantasy;8;1473;2018;2023
Alex, Inc.;26.0;Comedy;5;1905;2018;2023
Wayward Pines;60.0;Drama, Mystery, Sci-Fi;7;52635;2015;2016
Äkta människor;10.0;Drama, Sci-Fi, Thriller;7;6134;2012;2014
Boston Legal;44.0;Comedy, Crime, Drama;8;43272;2004;2008
Chicago Fire;43.0;Action, Drama;8;41221;2012;2023
Gangland Undercover;150.0;Biography, Crime, Drama;8;3317;2015;2016
Fate/Zero;30.0;Animation, Action, Drama;8;10866;2011;2012
Nancy Drew;44.0;Drama, Fantasy, Horror;6;5729;2019;2023
Beauty and the Beast;60.0;Drama, Horror, Romance;7;35152;2012;2016
The Tomorrow People;30.0;Action, Drama, Sci-Fi;7;34452;2013;2014
Supernatural: The Animation;21.0;Animation, Drama, Fantasy;7;1823;2011;2023
Gen: Lock;21.0;Animation, Action, Adventure;7;1110;2019;2023
Undercover;50.0;Crime, Drama, Thriller;7;12243;2019;2023
Boardwalk Empire;55.0;Crime, Drama, History;8;175133;2010;2014
Perpetual Grace, LTD;24.0;Comedy, Crime, Drama;7;2242;2019;2023
Disenchantment;30.0;Animation, Action, Adventure;7;49975;2018;2023
Motive;90.0;Crime, Drama, Mystery;7;4964;2013;2016
Legit;60.0;Comedy;8;8040;2013;2014
CollegeHumor Originals;60.0;Comedy;7;1295;2006;2023
Outnumbered;30.0;Comedy, Drama;8;10054;2007;2016
Dead Lucky;23.0;Crime, Thriller;6;518;2018;2023
First Wives Club;45.0;Comedy;7;338;2019;2023
The Playboy Club;30.0;Crime, Drama;6;5147;2011;2023
Wolf Creek;30.0;Horror, Thriller;7;4473;2016;2017
New Blood;5.0;Crime, Drama, Mystery;7;2383;2016;2023
House of Lies;44.0;Comedy, Drama;7;24102;2012;2016
The Last Kids on Earth;41.0;Animation, Adventure, Comedy;7;977;2019;2023
Unsellable Houses;30.0;Reality-TV;6;96;2019;2023
Chesapeake Shores;42.0;Drama, Family;7;5224;2016;2023
Mystery Science Theater 3000: The Return;42.0;Comedy, Drama, Horror;8;3339;2017;2023
Homeland;55.0;Crime, Drama, Mystery;8;320237;2011;2020
Rick and Morty;23.0;Animation, Adventure, Comedy;9;395283;2013;2023
Very Scary People;60.0;Documentary, Crime, History;7;198;2019;2023
Small Fortune;90.0;Game-Show;3;29;2019;2023
Aquarius;42.0;Biography, Crime, Drama;7;11425;2015;2016
Flavor of Love;22.0;Game-Show, Reality-TV, Romance;4;2059;2006;2023
Fastlane;25.0;Action, Comedy, Crime;7;3394;2002;2003
Kings;60.0;Drama, Sci-Fi;8;8227;2009;2023
On My Block;24.0;Comedy;8;11666;2018;2023
Regular Show;23.0;Animation, Action, Adventure;8;31952;2009;2017
Stuck in the Middle;60.0;Comedy, Family;6;1571;2016;2018
Devils Line;4.0;Animation, Action, Crime;6;826;2018;2023
Burning Love;30.0;Comedy, Romance;8;3623;2012;2013
One Punch Man: Wanpanman;24.0;Animation, Action, Comedy;8;125196;2015;2023
Dark;60.0;Crime, Drama, Mystery;8;305353;2017;2020
Bap Jal Sajuneun Yeppeun Nuna;352.0;Drama, Romance;8;4151;2018;2023
Suspects;0.0;Crime, Drama, Mystery;7;853;2014;2016
Young Justice;23.0;Animation, Action, Adventure;8;32986;2010;2023
Spider-Man;60.0;Animation, Action, Adventure;6;1930;2017;2020
Fam;60.0;Comedy;6;2609;2019;2023
The Penguins of Madagascar;24.0;Animation, Short, Action;7;16369;2008;2015
Gogglebox;0.0;Reality-TV;7;2058;2013;2023
Baptiste;30.0;Crime, Drama, Thriller;7;5133;2019;2023
The Lion Guard;60.0;Animation, Action, Adventure;6;1673;2015;2019
A House Divided;40.0;Drama;5;128;2019;2023
Married to Medicine;10.0;Reality-TV;5;300;2013;2023
CSI: Miami;43.0;Action, Crime, Drama;6;54064;2002;2012
O Mecanismo;60.0;Crime, Drama, Thriller;8;35653;2018;2023
The Fosters;60.0;Drama, Romance;7;25359;2013;2018
Drive;24.0;Action, Adventure, Crime;7;4767;2007;2023
Rebel;60.0;Crime, Drama;5;489;2017;2023
Jann;60.0;Comedy;7;378;2019;2023
The Real Housewives of Atlanta;11.0;Reality-TV;4;3347;2008;2023
Metal Hurlant Chronicles;22.0;Action, Sci-Fi;5;1630;2012;2014
Law & Order: Los Angeles;75.0;Crime, Drama, Mystery;6;2285;2010;2011
Iron Chef America: The Series;44.0;Game-Show, Reality-TV;7;1880;2004;2018
Real Detective;4.0;Documentary, Crime, Drama;8;3008;2016;2023
Flowers;42.0;Comedy, Drama;8;4580;2016;2018
Gakusen toshi asterisk;120.0;Animation, Action, Comedy;6;1629;2015;2023
Nighty Night;65.0;Comedy, Crime, Thriller;8;2453;2004;2005
Free Rein;30.0;Action, Adventure, Comedy;7;1736;2017;2019
The Mysteries of Laura;0.0;Comedy, Crime, Mystery;6;8880;2014;2016
Nanatsu no taizai;24.0;Animation, Action, Adventure;8;25208;2014;2023
Sonny with a Chance;60.0;Comedy, Family, Romance;6;10991;2009;2011
Girlboss;26.0;Comedy;7;16013;2017;2023
Akatsuki no Yona;26.0;Animation, Action, Adventure;8;2962;2014;2023
Vanpaia naito;42.0;Animation, Action, Drama;7;4666;2008;2023
The Walking Dead;44.0;Drama, Horror, Thriller;8;874725;2010;2022
Borgia;11.0;Biography, Drama, History;7;6188;2011;2014
Games People Play;40.0;Drama;6;280;2019;2023
Mob Psycho 100;60.0;Animation, Action, Comedy;8;18296;2016;2023
Californication;28.0;Comedy, Drama;8;173192;2007;2014
The Shield;47.0;Crime, Drama, Thriller;8;73531;2002;2008
Urban Myths;22.0;Adventure, Biography, Comedy;7;711;2017;2023
Corporate;15.0;Comedy;7;2939;2018;2020
Wabbit: A Looney Tunes Production;30.0;Animation, Short, Adventure;5;815;2015;2020
Alhambeura Goongjeonui Chooeok;60.0;Drama, Romance, Sci-Fi;7;4174;2018;2019
Puncch Beat;0.0;Drama;7;1146;2018;2023
Kadin;120.0;Drama;6;1026;2017;2020
Rita;30.0;Comedy, Drama;8;7932;2012;2020
Attack on Titan: Junior High;30.0;Animation, Action, Adventure;7;1515;2015;2023
Euphoria;60.0;Drama;6;119;2012;2013
Grimm;45.0;Crime, Drama, Fantasy;7;110832;2011;2017
Manhunt;60.0;Biography, Crime, Drama;8;53540;2017;2023
All Grown Up!;60.0;Animation, Adventure, Comedy;5;4888;2003;2008
Defiance;22.0;Action, Drama, Sci-Fi;7;40941;2013;2015
sMothered;60.0;Reality-TV;3;105;2019;2023
Inspector George Gently;52.0;Crime, Drama, Mystery;8;6107;2007;2017
My 600-lb Life;45.0;Reality-TV;6;1339;2012;2023
Viva la Bam;42.0;Comedy, Reality-TV;6;8402;2003;2006
24;44.0;Action, Crime, Drama;8;174994;2001;2010
It's Always Sunny in Philadelphia;22.0;Comedy;8;195045;2005;2023
High School Musical: The Musical - The Series;31.0;Comedy, Drama, Musical;7;4349;2019;2023
Hot Sluts;45.0;Comedy;5;201;2009;2023
Verdades Secretas;24.0;Drama, Romance;8;693;2015;2021
SGU Stargate Universe;22.0;Drama, Sci-Fi;7;48132;2009;2011
Mrs. Brown's Boys;60.0;Comedy;7;7679;2011;2023
The Beautiful Life: TBL;0.0;Drama;5;1050;2009;2023
La trêve;60.0;Crime, Drama, Thriller;7;5791;2016;2023
Mahouka koukou no rettousei;30.0;Animation, Action, Drama;7;2600;2014;2023
Alphas;24.0;Action, Drama, Sci-Fi;7;27922;2011;2012
Krypton;45.0;Action, Adventure, Drama;6;15187;2018;2019
Carmen Sandiego;22.0;Animation, Action, Adventure;7;4619;2019;2021
Kidou Senshi Gundam: Tekketsu no Orphans;70.0;Animation, Action, Drama;7;1320;2015;2023
Succession;60.0;Drama;8;53113;2018;2023
Impractical Jokers;30.0;Comedy, Reality-TV;8;34860;2011;2023
Romanzo criminale - La serie;60.0;Crime, Drama, Thriller;8;5707;2008;2010
The Grinder;30.0;Comedy;7;7103;2015;2016
MasterChef Junior;43.0;Family, Game-Show, Reality-TV;6;2533;2013;2023
Workaholics;22.0;Comedy;8;46945;2011;2017
Wander Over Yonder;13.0;Animation, Adventure, Comedy;7;3446;2013;2016
Liar;45.0;Crime, Drama, Thriller;7;7642;2017;2020
Cobra Kai;30.0;Action, Comedy, Drama;8;119611;2018;2023
Hanna;60.0;Action, Drama;7;27532;2019;2023
Codename: Kids Next Door;43.0;Animation, Action, Adventure;7;17882;2002;2008
Peter Rabbit;23.0;Animation, Family;5;461;2012;2016
Slugterra;43.0;Animation, Action, Comedy;6;1141;2012;2016
Tjockare än vatten;60.0;Drama;7;1329;2014;2020
Swedish Dicks;45.0;Comedy, Crime;6;2965;2016;2018
Power Rangers Mystic Force;2.0;Action, Adventure, Fantasy;6;2365;2006;2023
Rules of Engagement;42.0;Comedy, Romance;7;32071;2007;2013
The Marvelous Misadventures of Flapjack;21.0;Animation, Short, Adventure;7;11992;2008;2010
Death in Paradise;60.0;Comedy, Crime, Drama;7;15714;2011;2023
Delicious;30.0;Comedy, Drama;7;1544;2016;2019
In Plain Sight;22.0;Crime;7;38;2018;2023
North Shore;60.0;Drama, Romance;6;990;2004;2005
Corner Gas Animated;60.0;Animation, Comedy;7;1035;2018;2023
20 Dakika;0.0;Action, Drama, Romance;6;1549;2013;2023
CSI: Cyber;44.0;Crime, Drama, Mystery;5;10335;2015;2016
Professor T.;60.0;Comedy, Crime, Drama;8;1478;2015;2018
Adventure Time;11.0;Animation, Action, Adventure;8;79973;2010;2018
Kidding;30.0;Comedy, Drama;8;16629;2018;2020
True Blood;55.0;Drama, Fantasy, Mystery;7;231653;2008;2014
Hataraku Maou-sama!;0.0;Animation, Action, Comedy;7;5179;2013;2023
The Saddle Club;24.0;Adventure, Family;6;917;2001;2009
Chen qing ling;42.0;Action, Adventure, Drama;9;4371;2019;2023
Constantine;28.0;Crime, Drama, Fantasy;7;49989;2014;2015
Mortel;30.0;Crime, Drama, Fantasy;6;905;2019;2023
The Boss Baby: Back in Business;45.0;Animation, Adventure, Comedy;6;2663;2018;2021
Constantine: City of Demons;100.0;Animation, Short, Fantasy;7;5318;2018;2019
Most Haunted;28.0;Horror, Reality-TV;5;1325;2002;2023
Kawaikereba Hentai demo Suki ni Natte Kuremasu ka?;25.0;Animation, Comedy, Drama;6;443;2019;2023
Vikings;22.0;Action, Adventure, Drama;8;451657;2013;2020
Hudson;20.0;Drama;7;29;2019;2023
Hache;30.0;Crime, Drama, Thriller;6;1305;2019;2023
Miss Fisher's Murder Mysteries;45.0;Crime, Drama, Mystery;8;14220;2012;2015
Camelot;60.0;Drama, Fantasy, History;6;23178;2011;2023
Brockmire;23.0;Comedy, Drama, Sport;8;4856;2017;2020
What We Do in the Shadows;30.0;Comedy, Fantasy, Horror;8;40152;2019;2023
Kim's Convenience;22.0;Comedy;8;11076;2016;2021
The Newsroom;55.0;Drama;8;106526;2012;2014
Carole & Tuesday;90.0;Animation, Drama, Music;7;1645;2019;2023
Now Apocalypse;44.0;Comedy;6;3001;2019;2023
See No Evil;43.0;Documentary, Crime;8;663;2014;2023
I Love Dick;60.0;Comedy;6;3986;2016;2017
Stan Against Evil;44.0;Comedy, Fantasy, Horror;7;5078;2016;2018
Eye Candy;60.0;Crime, Drama, Mystery;7;7024;2015;2023
Wonderland;60.0;Drama;7;1060;2013;2015
Be Cool, Scooby-Doo!;30.0;Animation, Adventure, Comedy;6;1915;2015;2018
Teresa;140.0;Drama, Romance;7;869;2010;2011
Shigatsu wa kimi no uso;42.0;Animation, Drama, Music;8;19976;2014;2015
Land Girls;120.0;Drama;7;2778;2009;2011
Sseulsseulhago Chalranhashin: Dokkaebi;50.0;Comedy, Drama, Fantasy;8;13257;2016;2017
The Americans;44.0;Crime, Drama, Mystery;8;87570;2013;2018
Date a Live;30.0;Animation, Action, Comedy;7;2334;2013;2023
Zac and Mia;60.0;Drama;7;529;2017;2023
The L Word;50.0;Drama, Romance;7;24449;2004;2009
Time After Time;0.0;Drama, Sci-Fi;6;3631;2017;2023
Kureimoa;65.0;Animation, Action, Adventure;8;12487;2007;2023
Jersey Shore Family Vacation;43.0;Reality-TV;6;1447;2018;2023
Van Helsing;43.0;Action, Drama, Fantasy;6;18844;2016;2021
The Great Indoors;30.0;Comedy;6;3190;2016;2017
Bluff City Law;0.0;Drama;6;2067;2019;2023
Brotherhood;60.0;Crime, Drama;7;6918;2006;2008
3Below: Tales of Arcadia;60.0;Animation, Action, Adventure;7;4723;2018;2019
American Dad!;22.0;Animation, Comedy;7;118581;2005;2023
Step Up: High Water;22.0;Drama, Music;7;986;2018;2023
Manhattan;420.0;Drama, History, War;7;7877;2014;2015
Shark;30.0;Crime, Drama, Mystery;7;11174;2006;2008
The Avengers: Earth's Mightiest Heroes;30.0;Animation, Action, Adventure;8;13468;2010;2012
Go On;45.0;Comedy;7;19647;2012;2013
Overlord;24.0;Animation, Action, Adventure;7;6630;2015;2023
Hotel Del Luna;22.0;Drama, Fantasy, Horror;8;4418;2019;2023
Ash vs Evil Dead;30.0;Comedy, Horror;8;66383;2015;2018
Life Unexpected;90.0;Drama;7;13953;2010;2011
American Vandal;18.0;Comedy, Crime, Drama;8;27584;2017;2018
Carter;40.0;Comedy, Crime, Drama;6;1522;2018;2023
The Carrie Diaries;60.0;Comedy, Romance;7;26250;2013;2014
Apple & Onion;30.0;Animation, Short, Comedy;6;1070;2016;2021
The Catch;42.0;Crime, Drama, Romance;7;10577;2016;2017
The Backyardigans;23.0;Animation, Adventure, Comedy;7;2599;2004;2013
Man with a Plan;30.0;Comedy;7;9224;2016;2020
Liza on Demand;56.0;Comedy;5;923;2018;2023
Baby;43.0;Drama;6;9072;2018;2020
Kingdom;43.0;Animation, Action, Drama;8;820;2012;2023
Marry Me;120.0;Comedy, Romance;6;3259;2014;2015
Vatanim Sensin;23.0;Drama, History, Romance;8;4051;2016;2018
Minecraft: Story Mode;52.0;Adventure;5;160;2018;2023
Take Two;22.0;Comedy, Crime, Drama;7;5049;2018;2023
Low Winter Sun;60.0;Crime, Drama;7;5626;2013;2023
The Bachelor;50.0;Drama, Game-Show, Reality-TV;3;6526;2002;2023
Ask-i Memnu;60.0;Drama, Romance;7;12095;2008;2010
Celebrity Family Feud;30.0;Comedy, Game-Show;6;841;2008;2023
This Way Up;12.0;Comedy;7;2942;2019;2023
Single Parents;60.0;Comedy;7;5099;2018;2020
Plan Coeur;11.0;Comedy;7;4164;2018;2023
Roadies;60.0;Comedy, Drama, Music;7;5291;2016;2023
Limitless;45.0;Comedy, Crime, Drama;7;62954;2015;2016
Special;15.0;Comedy, Drama;7;7573;2019;2021
GameFace;30.0;Comedy;7;1611;2017;2019
American Dreams;50.0;Drama, Family, History;7;2872;2002;2005
Fear Itself;30.0;Horror;7;4196;2008;2009
Vexed;70.0;Comedy, Crime, Mystery;7;3195;2010;2012
Gintama;24.0;Animation, Action, Comedy;8;7757;2005;2018
The Secret Circle;30.0;Drama, Fantasy, Horror;7;45680;2011;2012
Sex & Drugs & Rock & Roll;60.0;Comedy, Music;7;3263;2015;2016
Le temps est assassin;50.0;Thriller;5;103;2019;2023
The Strain;43.0;Drama, Fantasy, Horror;7;76302;2014;2017
Lost Gold of WW2;25.0;Documentary, Reality-TV;6;305;2019;2023
Legends of Tomorrow;42.0;Action, Adventure, Drama;6;94463;2016;2023
New Girl;22.0;Comedy;7;198036;2011;2018
The Halcyon;22.0;Drama, War;7;2463;2017;2023
Undateable;30.0;Comedy;7;8358;2014;2016
The Neighborhood;30.0;Comedy;6;5276;2018;2023
Criminal Justice;0.0;Crime, Drama, Mystery;7;1751;2008;2009
Origin;0.0;Horror, Sci-Fi;7;6710;2018;2023
Being Erica;42.0;Adventure, Comedy, Drama;7;9206;2009;2011
Muhtesem Yüzyil: Kösem;23.0;Drama, History, Romance;6;2968;2015;2017
Noragami;21.0;Animation, Action, Adventure;7;12082;2014;2016
World on Fire;57.0;Drama, War;7;4352;2019;2023
The Moodys;30.0;Comedy;6;1187;2019;2021
Deadly Women;35.0;Documentary, Crime;8;1620;2008;2023
Candice Renoir;52.0;Comedy, Crime, Drama;7;822;2013;2023
Star Wars: Forces of Destiny;0.0;Animation, Adventure, Family;5;1676;2017;2018
Yahari ore no seishun rabukome wa machigatteiru.;60.0;Animation, Comedy, Drama;7;4592;2013;2023
Marianne;42.0;Drama, Horror, Mystery;7;12531;2019;2023
In Plain Sight;60.0;Crime, Drama, Mystery;7;10640;2008;2012
Plebs;44.0;Comedy;7;6986;2013;2023
Trust;47.0;Biography, Crime, Drama;7;6206;2018;2023
Bates Motel;45.0;Drama, Horror, Mystery;8;99205;2013;2017
Crossing Jordan;30.0;Crime, Drama, Mystery;6;10341;2001;2007
24;43.0;Action, Adventure, Crime;8;2736;2013;2016
Chicken Girls;43.0;Comedy, Drama, Family;6;585;2017;2023
Maya & Marty;0.0;Comedy, Music;6;925;2016;2023
Durarara!!;30.0;Animation, Comedy, Crime;7;6584;2010;2023
Travel Man: 48 Hours in...;0.0;Documentary, Adventure, Comedy;8;2014;2015;2023
Hilleo;13.0;Action, Comedy, Crime;8;6533;2014;2015
Dirilis: Ertugrul;120.0;Action, Adventure, Drama;8;30399;2014;2019
Sora no otoshimono;60.0;Animation, Action, Comedy;7;1696;2009;2010
Taarak Mehta Ka Ooltah Chashmah;21.0;Comedy, Family;8;8594;2008;2023
Odd Squad;54.0;Action, Adventure, Comedy;6;910;2014;2023
Ikki tôsen;60.0;Animation, Action, Adventure;6;1036;2003;2023
Osmosis;24.0;Romance, Sci-Fi;5;2677;2019;2023
Property Brothers;40.0;Reality-TV;7;2864;2011;2023
Meurtres à...;11.0;Crime, Drama, Mystery;6;144;2013;2023
DARLING in the FRANXX;22.0;Animation, Action, Drama;7;6121;2018;2023
Autopsy: The Last Hours of;45.0;Documentary, Biography;7;570;2014;2023
Choi-kang Bae-dal-ggun;60.0;Drama, Romance;7;418;2017;2023
The Curse of Oak Island;52.0;Documentary, Reality-TV;7;4510;2014;2023
Red Rock;41.0;Crime, Drama;7;747;2015;2023
Bolívar: Una lucha admirable;30.0;Action, Biography, Drama;7;655;2019;2023
Nightflyers;22.0;Drama, Horror, Mystery;5;12047;2018;2023
Would I Lie to You?;30.0;Comedy, Game-Show;8;7388;2007;2023
Byuti Insaideu;42.0;Drama, Fantasy, Romance;7;1263;2018;2023
Bosch;51.0;Crime, Drama;8;49704;2014;2023
Ssawooja Gwishina;29.0;Comedy, Fantasy, Romance;7;1834;2016;2023
Melissa & Joey;23.0;Comedy, Romance;7;17851;2010;2015
Brickleberry;60.0;Animation, Comedy;7;14161;2012;2015
The Nostalgia Critic;60.0;Comedy, Talk-Show;7;9006;2007;2023
The Romanoffs;23.0;Drama;7;5224;2018;2023
New Amsterdam;43.0;Drama;8;26041;2018;2023
Extant;42.0;Drama, Sci-Fi, Thriller;6;23472;2014;2015
The End of the F***ing World;25.0;Adventure, Comedy, Crime;8;154366;2017;2019
The Late Show with Stephen Colbert;41.0;Comedy, Talk-Show;7;12373;2015;2023
Containment;22.0;Drama;7;10256;2016;2023
Zone Blanche;24.0;Crime, Drama, Horror;7;8510;2017;2023
The Thick of It;30.0;Comedy;8;21264;2005;2012
Revolution;24.0;Action, Adventure, Drama;6;81337;2012;2014
Mad Dogs;0.0;Comedy, Crime, Drama;7;5314;2011;2013
Marcella;45.0;Crime, Drama, Mystery;7;25865;2016;2023
The Final Call;40.0;Drama, Thriller;7;1663;2019;2023
Falsa Identidad;32.0;Crime, Drama, Thriller;7;236;2018;2023
Good Doctor;42.0;Drama, Romance;8;1516;2013;2023
GLOW;35.0;Comedy, Drama, Sport;8;41549;2017;2019
Aetaneun Romaenseu;45.0;Comedy, Romance;7;2239;2017;2023
The Unicorn;60.0;Comedy, Drama, Family;7;3576;2019;2021
Kimbiseoga wae geureolkka;22.0;Comedy, Mystery, Romance;8;7162;2018;2023
Space Dandy;60.0;Animation, Adventure, Comedy;8;3509;2014;2023
Springfloden;24.0;Crime, Drama, Mystery;7;3693;2016;2023
Ex on the Beach;1.0;Reality-TV;4;372;2018;2023
Strange Days at Blake Holsey High;0.0;Adventure, Comedy, Family;7;1236;2002;2006
Wild 'N Out;30.0;Comedy;6;2069;2005;2023
Training Day;42.0;Action, Crime, Drama;6;3180;2017;2023
Sacred Lies;30.0;Drama, Horror;7;436;2018;2023
The Best Sex Ever;0.0;Adventure, Drama, Fantasy;5;194;2002;2003
Ask the StoryBots;60.0;Animation, Adventure, Comedy;8;722;2016;2019
Running Wilde;47.0;Comedy;6;3049;2010;2011
World Trigger;30.0;Animation, Action, Sci-Fi;7;562;2014;2023
Fauda;60.0;Action, Drama, Thriller;8;21141;2015;2023
Trinity Seven: 7-nin no Masho Tsukai;45.0;Animation, Action, Comedy;6;1712;2014;2023
Shameless;90.0;Comedy, Crime, Drama;8;15462;2004;2013
The Lying Game;0.0;Drama, Mystery;7;18119;2011;2013
Critical Role;23.0;Adventure, Fantasy;9;7580;2015;2023
Stitchers;60.0;Crime, Drama, Sci-Fi;6;11553;2015;2017
Hudson & Rex;50.0;Crime, Drama, Mystery;7;1245;2019;2023
After Life;30.0;Comedy, Drama;8;90191;2019;2023
Twin Peaks;60.0;Crime, Drama, Fantasy;8;59561;2017;2023
Bad Education;41.0;Comedy;7;10893;2012;2014
Schitt's Creek;22.0;Comedy;8;84920;2015;2020
Longmire;60.0;Action, Crime, Drama;8;30196;2012;2017
Blade: The Series;42.0;Action, Drama, Fantasy;6;5150;2006;2023
The Young Offenders;30.0;Comedy;8;3583;2018;2023
Kevin (Probably) Saves the World;60.0;Comedy, Drama, Fantasy;7;4235;2017;2018
Pup Academy;22.0;Family;6;395;2019;2023
The Eric Andre Show;22.0;Comedy;8;14398;2012;2023
Drawn Together;120.0;Animation, Comedy, Reality-TV;7;19185;2004;2007
Gordon, Gino & Fred's Road Trip;45.0;Adventure, Comedy, Reality-TV;8;902;2018;2023
The Slap;75.0;Drama;6;3331;2015;2023
Survivor's Remorse;30.0;Drama;7;2187;2014;2017
Coisa Mais Linda;45.0;Drama, Romance;7;3001;2019;2023
In Treatment;25.0;Drama;8;15975;2008;2021
Invincible;9.0;Animation;8;356;2008;2023
Eulachacha Waikiki;23.0;Comedy, Drama;8;1405;2018;2019
Rectify;60.0;Drama;8;25082;2013;2016
V-Wars;60.0;Drama, Horror, Sci-Fi;6;12462;2019;2023
iZombie;42.0;Comedy, Crime, Drama;7;61616;2015;2019
Skylines;60.0;Crime, Drama, Music;7;2364;2019;2023
DC Super Hero Girls;46.0;Animation, Action, Adventure;7;867;2019;2023
Los simuladores;43.0;Adventure, Comedy, Mystery;9;4051;2002;2004
Messiah;43.0;Drama, Mystery, Thriller;7;39263;2020;2023
DNA;20.0;Crime, Drama, Mystery;7;2151;2019;2023
Syucheu;60.0;Crime, Drama, Thriller;7;538;2018;2023
The Cool Kids;23.0;Comedy;7;2701;2018;2019
Dae Jang-geum;0.0;Biography, Drama, History;8;3272;2003;2004
Mrs. Fletcher;42.0;Comedy, Drama;7;5814;2019;2023
Lykkeland;90.0;Drama;7;1516;2018;2021
Yojo Senki: Saga of Tanya the Evil;60.0;Animation, Action, Adventure;7;2343;2017;2023
RuPaul's Drag Race UK;24.0;Game-Show, Reality-TV;8;2462;2019;2023
Home: Adventures with Tip & Oh;42.0;Animation, Short, Adventure;6;525;2016;2018
The War at Home;30.0;Comedy, Romance;7;8678;2005;2007
Blood-C;24.0;Animation, Action, Fantasy;6;1269;2011;2023
Trial & Error;53.0;Comedy, Crime, Mystery;8;5502;2017;2018
Shark Tank;30.0;Family, Reality-TV;7;8799;2009;2023
Poldark;60.0;Drama, History, Romance;8;27150;2015;2019
Dangshini Jamdeun Saie;24.0;Comedy, Drama, Fantasy;8;4790;2017;2023
Altered Carbon;60.0;Action, Drama, Sci-Fi;8;147206;2018;2020
Blood & Oil;24.0;Crime, Drama, Romance;6;4036;2015;2023
Sonic Boom;60.0;Animation, Short, Action;7;5377;2014;2017
Queen of the South;42.0;Action, Crime, Drama;7;22064;2016;2021
Tate no Yuusha no Nariagari;52.0;Animation, Action, Adventure;8;7565;2018;2023
Surface;30.0;Adventure, Drama, Mystery;7;9751;2005;2006
Mock the Week;60.0;Comedy, Game-Show;7;7647;2005;2023
Farouk Omar;11.0;Biography, Drama, History;9;4597;2012;2023
Hamilton;43.0;Action, Drama, Thriller;6;1757;2020;2023
The Resident;60.0;Drama;7;20219;2018;2023
Perception;0.0;Crime, Drama, Mystery;7;19467;2012;2015
Shahs of Sunset;42.0;Reality-TV;4;1404;2012;2023
I'm Sorry.;43.0;Comedy;8;4701;2017;2023
Expedition Bigfoot;24.0;Adventure;5;319;2019;2023
Life Below Zero;44.0;Documentary, Adventure, Reality-TV;8;1633;2013;2023
Wallander;60.0;Crime, Drama, Mystery;7;5295;2005;2013
Striking Out;24.0;Drama;7;1436;2017;2023
Two Doors Down;47.0;Comedy;7;953;2016;2023
In the Flesh;22.0;Drama, Horror;8;12817;2013;2014
Ninjago: Masters of Spinjitzu;60.0;Animation, Action, Adventure;7;3219;2011;2019
Northern Rescue;60.0;Drama, Family;7;3653;2019;2023
The Split;48.0;Drama;7;4103;2018;2023
To Tell the Truth;120.0;Comedy, Game-Show, Mystery;6;572;2016;2023
Crashing;90.0;Comedy, Drama;7;6411;2017;2019
Thundercats;30.0;Animation, Action, Adventure;7;6486;2011;2012
Zasada przyjemnosci;90.0;Crime;6;280;2019;2023
Friday Night Lights;44.0;Drama, Sport;8;57105;2006;2011
The Flash;43.0;Action, Adventure, Drama;7;314534;2014;2023
Herrens veje;70.0;Drama;7;1411;2017;2023
MasterChef Australia;30.0;Reality-TV;8;3183;2009;2023
Masters of Horror;42.0;Horror;7;11524;2005;2007
Kath & Kim;25.0;Comedy;8;3533;2002;2007
The Kominsky Method;57.0;Comedy, Drama;8;29990;2018;2021
N.H.K ni yôkoso!;48.0;Animation, Comedy, Drama;8;5917;2006;2023
Velvet;22.0;Adventure, Drama, Romance;8;5369;2013;2016
Life in Pieces;22.0;Comedy;8;13323;2015;2019
Masters of Sex;60.0;Drama, Romance;7;35197;2013;2016
Metalocalypse;90.0;Animation, Comedy, Music;8;15755;2006;2013
American Monster;0.0;Documentary, Crime, Drama;7;397;2016;2023
Army Wives;41.0;Drama, Romance, War;7;6989;2007;2013
Penny Dreadful;60.0;Drama, Fantasy, Horror;8;114096;2014;2016
El barco;90.0;Adventure, Drama, Mystery;7;4410;2011;2013
Bloodline;60.0;Drama, Thriller;7;45390;2015;2017
Astrid et Raphaëlle;5.0;Crime;7;224;2019;2023
Wipeout;18.0;Comedy, Family, Game-Show;6;7393;2008;2014
American Woman;30.0;Comedy;6;1215;2018;2023
The Other One;56.0;Comedy;7;876;2017;2023
Transparent;29.0;Comedy, Drama;7;21510;2014;2019
Teachers;47.0;Comedy, Drama;7;3297;2001;2004
Psycho-Pass;28.0;Animation, Action, Crime;8;16542;2012;2023
The New Adventures of Old Christine;140.0;Comedy;7;11955;2006;2010
The Kelly Clarkson Show;43.0;Music, Musical, Talk-Show;5;545;2019;2023
Clannad;120.0;Animation, Comedy, Drama;7;8253;2007;2008
Kyoukai no kanata;23.0;Animation, Action, Comedy;7;1886;2013;2023
Cocomelon;60.0;Animation, Comedy, Family;4;215;2019;2023
Arrested Development;22.0;Comedy;8;281873;2003;2019
Ex on the Beach;2.0;Reality-TV;4;1149;2014;2020
The Looney Tunes Show;23.0;Animation, Short, Adventure;7;9083;2011;2014
Heroes;45.0;Drama, Fantasy, Sci-Fi;7;231384;2006;2010
Terra Nova;60.0;Adventure, Drama, Mystery;6;80681;2011;2023
Los Espookys;30.0;Comedy, Fantasy, Horror;7;1494;2018;2023
Lewis;90.0;Crime, Drama, Mystery;8;11133;2006;2015
Pawn Stars;60.0;Reality-TV;7;15584;2009;2023
Camp Camp;30.0;Animation, Adventure, Comedy;8;1049;2016;2023
High Maintenance;50.0;Comedy, Drama;8;7298;2016;2023
Dirk Gently;30.0;Comedy, Crime, Sci-Fi;7;2940;2010;2012
Nude Interviews;69.0;Talk-Show;7;56;2011;2023
Fairly Legal;90.0;Comedy, Drama;7;8051;2011;2012
Sense8;60.0;Drama, Mystery, Sci-Fi;8;142799;2015;2018
T.O.T.S.;30.0;Animation, Adventure, Comedy;7;259;2019;2023
The Haves and the Have Nots;42.0;Crime, Drama, Mystery;6;2986;2013;2021
Food Wars: Shokugeki no Soma;25.0;Animation, Comedy, Drama;8;7639;2015;2023
Rookie Blue;44.0;Crime, Drama;7;16207;2010;2015
Soosanghan Pateuneo;23.0;Comedy, Crime, Romance;7;3390;2017;2023
Last Week Tonight with John Oliver;42.0;Comedy, News, Talk-Show;8;81348;2014;2023
Drunk History;50.0;Comedy, History;7;9523;2013;2019
Jake and the Never Land Pirates;47.0;Animation, Adventure, Family;5;1418;2011;2016
Web of Lies;120.0;Documentary, Crime;7;666;2014;2023
Baroness Von Sketch Show;23.0;Comedy;6;1326;2016;2021
The Thundermans;60.0;Action, Comedy, Drama;5;3928;2013;2018
Better Things;60.0;Comedy, Drama;7;12645;2016;2023
Shingeki no kyojin;24.0;Animation, Action, Adventure;9;234234;2013;2021
Fear Factor;60.0;Game-Show, Reality-TV, Thriller;5;6370;2001;2012
Beowulf: Return to the Shieldlands;60.0;Action, Adventure, Drama;5;3231;2016;2023
Salem;24.0;Drama, Fantasy, Horror;7;22392;2014;2017
Betty en NY;55.0;Comedy;7;453;2019;2023
My Name Is Earl;22.0;Comedy;7;96739;2005;2009
We Bare Bears;30.0;Animation, Adventure, Comedy;7;12584;2014;2019
Reign;42.0;Drama, Fantasy;7;44587;2013;2017
Karppi;60.0;Crime, Drama, Mystery;7;7055;2018;2020
Wonder Pets!;24.0;Animation, Adventure, Family;6;1484;2005;2013
Sistas;60.0;Comedy;5;722;2019;2023
Chowder;44.0;Animation, Short, Adventure;7;12101;2007;2010
Spartacus: Blood and Sand;55.0;Action, Adventure, Biography;8;227020;2010;2013
Ingobernable;30.0;Crime, Drama, Mystery;7;2801;2017;2023
Utopia;60.0;Comedy;8;1696;2014;2019
Kimi ni todoke;90.0;Animation, Comedy, Drama;7;3181;2009;2023
Best of the Worst;22.0;Comedy, Talk-Show;9;2782;2013;2023
The Bachelorette;60.0;Drama, Game-Show, Reality-TV;3;4997;2003;2023
Puberty Blues;45.0;Comedy, Drama;8;1720;2012;2014
Scott & Bailey;44.0;Crime, Drama, Mystery;8;7186;2011;2016
I'm Dying Up Here;24.0;Comedy, Drama;7;3232;2017;2018
My Mad Fat Diary;52.0;Comedy, Drama, Romance;8;15626;2013;2015
Firefly;44.0;Adventure, Drama, Sci-Fi;9;247589;2002;2003
Yeolhyeolsaje;50.0;Action, Comedy, Crime;8;525;2019;2023
Knight Rider;30.0;Adventure, Mystery, Thriller;5;9058;2008;2009
Criminal Minds: Suspect Behavior;44.0;Action, Adventure, Crime;6;4857;2011;2023
Samurai Jack;60.0;Animation, Action, Adventure;8;47168;2001;2017
Sangsogjadeul;43.0;Comedy, Drama, Romance;7;8226;2013;2023
Taineun Jiokida;42.0;Crime, Horror, Mystery;7;2234;2019;2023
Suits;44.0;Comedy, Drama;8;371333;2011;2019
La Jauría;42.0;Crime, Drama, Mystery;6;905;2019;2023
Desperate Housewives;45.0;Comedy, Drama, Mystery;7;118588;2004;2012
Gôruden taimu;43.0;Animation, Comedy, Drama;7;2504;2013;2023
Blackstone;4.0;Action, Drama;7;332;2009;2015
Queen Sugar;41.0;Drama;7;4134;2016;2023
